{
  "settings": {
    "migrated": 6,
    "iconPacksPath": ".obsidian/icons",
    "fontSize": 16,
    "emojiStyle": "native",
    "iconColor": null,
    "recentlyUsedIcons": [
      "CgKalenderWochentagDonnerstag",
      "CgKalenderWochentagMittwoch",
      "CgKalenderWochentagDienstag",
      "CgKalenderWochentagMontag",
      "CgKalenderWochentagSonntag"
    ],
    "recentlyUsedIconsSize": 5,
    "rules": [],
    "extraMargin": {
      "top": 0,
      "right": 4,
      "bottom": 0,
      "left": 0
    },
    "iconInTabsEnabled": true,
    "iconInTitleEnabled": true,
    "iconInTitlePosition": "inline",
    "iconInFrontmatterEnabled": true,
    "iconInFrontmatterFieldName": "icon",
    "iconColorInFrontmatterFieldName": "iconize-color-css",
    "iconsBackgroundCheckEnabled": false,
    "iconsInNotesEnabled": true,
    "iconsInLinksEnabled": true,
    "iconIdentifier": ":",
    "lucideIconPackType": "native",
    "debugMode": false,
    "useInternalPlugins": false
  },
  "Journal/2026/02 Februar/2026-02-01.md": {
    "iconName": "CgKalenderWochentagSonntag",
    "iconColor": "var(--color-yellow)"
  },
  "Journal/2026/01 Januar/2026-01-31.md": {
    "iconName": "CgKalenderWochentagSamstag",
    "iconColor": "var(--color-yellow)"
  },
  "Journal/2026/01 Januar/2026-01-30.md": {
    "iconName": "CgKalenderWochentagFreitag",
    "iconColor": "var(--color-yellow)"
  },
  "Journal/2026/01 Januar/2026-01-29.md": {
    "iconName": "CgKalenderWochentagDonnerstag",
    "iconColor": "var(--color-yellow)"
  },
  "Journal/2026/01 Januar/2026-01-28.md": {
    "iconName": "CgKalenderWochentagMittwoch",
    "iconColor": "var(--color-yellow)"
  },
  "Journal/2026/01 Januar/2026-01-27.md": {
    "iconName": "CgKalenderWochentagDienstag",
    "iconColor": "var(--color-yellow)"
  },
  "Journal/2026/01 Januar/2026-01-26.md": {
    "iconName": "CgKalenderWochentagMontag",
    "iconColor": "var(--color-yellow)"
  },
  "Journal/2026/01 Januar/2026-01-23.md": {
    "iconName": "CgKalenderWochentagFreitag",
    "iconColor": "var(--color-yellow)"
  },
  "Journal/2026/01 Januar/2026-01-16.md": {
    "iconName": "CgKalenderWochentagFreitag",
    "iconColor": "var(--color-yellow)"
  },
  "Journal/2026/01 Januar/2026-01-09.md": {
    "iconName": "CgKalenderWochentagFreitag",
    "iconColor": "var(--color-yellow)"
  },
  "Xtra/Types/Orte/Sehenswürdigkeit.md": {
    "iconName": "LiLandmark",
    "iconColor": "var(--color-red)"
  },
  "Journal/2026.md": {
    "iconName": "CgKalenderJahr",
    "iconColor": "var(--color-yellow)"
  },
  "Journal/2026-Q1.md": {
    "iconName": "CgKalenderQuartal1",
    "iconColor": "var(--color-yellow)"
  },
  "Journal/2026/KW/2026-KW05.md": {
    "iconName": "CgKalenderWoche",
    "iconColor": "var(--color-yellow)"
  },
  "Journal/2026/KW/2026-KW04.md": {
    "iconName": "CgKalenderWoche",
    "iconColor": "var(--color-yellow)"
  },
  "Journal/2026/01 Januar/2026-01-02.md": {
    "iconName": "CgKalenderWochentagFreitag",
    "iconColor": "var(--color-yellow)"
  },
  "Journal/2025/12 Dezember/2025-12-19.md": {
    "iconName": "CgKalenderWochentagFreitag",
    "iconColor": "var(--color-yellow)"
  },
  "Journal/2025/12 Dezember/2025-12-12.md": {
    "iconName": "CgKalenderWochentagFreitag",
    "iconColor": "var(--color-yellow)"
  },
  "Journal/2025/12 Dezember/2025-12-05.md": {
    "iconName": "CgKalenderWochentagFreitag",
    "iconColor": "var(--color-yellow)"
  },
  "Journal/2025/11 November/2025-11-28.md": {
    "iconName": "CgKalenderWochentagFreitag",
    "iconColor": "var(--color-yellow)"
  },
  "Journal/2025/11 November/2025-11-21.md": {
    "iconName": "CgKalenderWochentagFreitag",
    "iconColor": "var(--color-yellow)"
  },
  "Journal/2025/11 November/2025-11-14.md": {
    "iconName": "CgKalenderWochentagFreitag",
    "iconColor": "var(--color-yellow)"
  },
  "Journal/2025/11 November/2025-11-07.md": {
    "iconName": "CgKalenderWochentagFreitag",
    "iconColor": "var(--color-yellow)"
  },
  "Journal/2025/10 Oktober/2025-10-31.md": {
    "iconName": "CgKalenderWochentagFreitag",
    "iconColor": "var(--color-yellow)"
  },
  "Journal/2025/10 Oktober/2025-10-24.md": {
    "iconName": "CgKalenderWochentagFreitag",
    "iconColor": "var(--color-yellow)"
  },
  "Journal/2025/10 Oktober/2025-10-17.md": {
    "iconName": "CgKalenderWochentagFreitag",
    "iconColor": "var(--color-yellow)"
  },
  "Journal/2025/10 Oktober/2025-10-10.md": {
    "iconName": "CgKalenderWochentagFreitag",
    "iconColor": "var(--color-yellow)"
  },
  "Journal/2025/09 September/2025-09-26.md": {
    "iconName": "CgKalenderWochentagFreitag",
    "iconColor": "var(--color-yellow)"
  },
  "Xtra/Vorlagen/Ausgeklügelt/Vorlage - Blog-Artikel.md": {
    "iconName": "LiPenTool",
    "iconColor": "var(--color-blue)"
  },
  "Journal/2026/01 Januar/2026-01 Januar.md": {
    "iconName": "CgKalenderMonat01",
    "iconColor": "var(--color-yellow)"
  },
  "Journal/2026/02 Februar/2026-02 Februar.md": {
    "iconName": "CgKalenderMonat02",
    "iconColor": "var(--color-yellow)"
  },
  "Ausgeklügelt/Blog/Artikel/Behältnisse und Schlösser.md": {
    "iconName": "LiPenTool",
    "iconColor": "var(--color-blue)"
  },
  "Ausgeklügelt/Blog/Artikel/So kannst du die Spielmaterialien für die Schatzsuchen ausdrucken.md": {
    "iconName": "LiPenTool",
    "iconColor": "var(--color-blue)"
  },
  "Ausgeklügelt/Blog/Artikel/So kannst du eine aufregende Schatzsuche vorbereiten.md": {
    "iconName": "LiPenTool",
    "iconColor": "var(--color-blue)"
  },
  "Familie/Reiten.md": {
    "iconName": "CgReiten",
    "iconColor": "var(--color-blue)"
  },
  "Familie/Urlaub/Orte/Norwegen/Lindesnes Fyr.md": {
    "iconName": "LiLandmark",
    "iconColor": "var(--color-red)"
  },
  "Xtra/Vorlagen/Maps/Camping.md": {
    "iconName": "LiTent",
    "iconColor": "var(--color-green)"
  },
  "Ausgeklügelt/Blog/Artikel/Tolle Ideen für einen zauberhaften Feen-Kindergeburtstag.md": {
    "iconName": "LiPenTool",
    "iconColor": "var(--color-blue)"
  },
  "Familie/Urlaub/Orte/Frankreich/Campingplätze/Huttopia Baie du Mont St Michel.md": {
    "iconName": "LiTent",
    "iconColor": "var(--color-green)"
  },
  "Familie/Urlaub/Orte/Frankreich/Campingplätze/Huttopia Calvados.md": {
    "iconName": "LiTent",
    "iconColor": "var(--color-green)"
  },
  "Familie/Urlaub/Orte/Frankreich/Campingplätze/Huttopia Gorges du Tarn.md": {
    "iconName": "LiTent",
    "iconColor": "var(--color-green)"
  },
  "Familie/Urlaub/Orte/Frankreich/Campingplätze/Huttopia Gorges du Verdon.md": {
    "iconName": "LiTent",
    "iconColor": "var(--color-green)"
  },
  "Familie/Urlaub/Orte/Frankreich/Campingplätze/Huttopia Le Moulin.md": {
    "iconName": "LiTent",
    "iconColor": "var(--color-green)"
  },
  "Familie/Urlaub/Orte/Frankreich/Campingplätze/Huttopia Les Falaises.md": {
    "iconName": "LiTent",
    "iconColor": "var(--color-green)"
  },
  "Familie/Urlaub/Orte/Frankreich/Sehenswürdigkeiten/Grotte de Dargilan.md": {
    "iconName": "CgHoehle",
    "iconColor": "var(--color-blue)"
  },
  "Familie/Urlaub/Orte/Frankreich/Sehenswürdigkeiten/Pointe Sublime.md": {
    "iconName": "LiBinoculars",
    "iconColor": "var(--color-green)"
  },
  "Familie/Urlaub/Orte/Frankreich/Sainte-Enimie.md": {
    "iconName": "CgOrtschaft",
    "iconColor": "var(--color-red)"
  },
  "Journal/2026/02 Februar/2026-02-10.md": {
    "iconName": "CgKalenderWochentagDienstag",
    "iconColor": "var(--color-yellow)"
  },
  "Journal/2026/02 Februar/2026-02-02.md": {
    "iconName": "CgKalenderWochentagMontag",
    "iconColor": "var(--color-yellow)"
  },
  "Journal/2026/02 Februar/2026-02-03.md": {
    "iconName": "CgKalenderWochentagDienstag",
    "iconColor": "var(--color-yellow)"
  },
  "Journal/2026/02 Februar/2026-02-04.md": {
    "iconName": "CgKalenderWochentagMittwoch",
    "iconColor": "var(--color-yellow)"
  },
  "Journal/2026/02 Februar/2026-02-05.md": {
    "iconName": "CgKalenderWochentagDonnerstag",
    "iconColor": "var(--color-yellow)"
  },
  "Journal/2026/02 Februar/2026-02-06.md": {
    "iconName": "CgKalenderWochentagFreitag",
    "iconColor": "var(--color-yellow)"
  },
  "Journal/2026/02 Februar/2026-02-07.md": {
    "iconName": "CgKalenderWochentagSamstag",
    "iconColor": "var(--color-yellow)"
  },
  "Journal/2026/02 Februar/2026-02-08.md": {
    "iconName": "CgKalenderWochentagSonntag",
    "iconColor": "var(--color-yellow)"
  },
  "Journal/2026/02 Februar/2026-02-09.md": {
    "iconName": "CgKalenderWochentagMontag",
    "iconColor": "var(--color-yellow)"
  },
  "Journal/2026/02 Februar/2026-02-11.md": {
    "iconName": "CgKalenderWochentagMittwoch",
    "iconColor": "var(--color-yellow)"
  },
  "Journal/2026/KW/2026-KW06.md": {
    "iconName": "CgKalenderWoche",
    "iconColor": "var(--color-yellow)"
  },
  "Journal/2026/KW/2026-KW07.md": {
    "iconName": "CgKalenderWoche",
    "iconColor": "var(--color-yellow)"
  },
  "Journal/2026/02 Februar/2026-02-12.md": {
    "iconName": "CgKalenderWochentagDonnerstag",
    "iconColor": "var(--color-yellow)"
  },
  "Familie/Urlaub/Orte/Frankreich/Sehenswürdigkeiten/Chaos de Montpellier-le-Vieux.md": {
    "iconName": "LiMountain",
    "iconColor": "var(--color-blue)"
  },
  "Familie/Urlaub/Orte/Frankreich/La Malène.md": {
    "iconName": "CgOrtschaft",
    "iconColor": "var(--color-red)"
  },
  "Familie/Urlaub/Orte/Frankreich/Castelbouc.md": {
    "iconName": "CgOrtschaft",
    "iconColor": "var(--color-red)"
  },
  "Journal/2026/02 Februar/2026-02-13.md": {
    "iconName": "CgKalenderWochentagFreitag",
    "iconColor": "var(--color-yellow)"
  },
  "Familie/Urlaub/Orte/Frankreich/Sehenswürdigkeiten/Pont d'Arc.md": {
    "iconName": "LiMountain",
    "iconColor": "var(--color-blue)"
  },
  "Familie/Urlaub/Orte/Frankreich/Sehenswürdigkeiten/Grotte Aven Forestière.md": {
    "iconName": "CgHoehle",
    "iconColor": "var(--color-blue)"
  },
  "Xtra/Vorlagen/Maps/Höhle.md": {
    "iconName": "CgHoehle",
    "iconColor": "var(--color-blue)"
  },
  "Familie/Urlaub/Orte/Frankreich/Sehenswürdigkeiten/Grotte Chauvet 2.md": {
    "iconName": "CgHoehle",
    "iconColor": "var(--color-blue)"
  },
  "Xtra/Vorlagen/Maps/Ortschaft.md": {
    "iconName": "CgOrtschaft",
    "iconColor": "var(--color-red)"
  },
  "Familie/Urlaub/Orte/Frankreich/Aiguèze.md": {
    "iconName": "CgOrtschaft",
    "iconColor": "var(--color-red)"
  },
  "Xtra/Vorlagen/Maps/Wasserfall.md": {
    "iconName": "CgWasserfall",
    "iconColor": "var(--color-blue)"
  },
  "Familie/Urlaub/Orte/Frankreich/Sehenswürdigkeiten/Cascades du Sautadet.md": {
    "iconName": "CgWasserfall",
    "iconColor": "var(--color-blue)"
  },
  "Journal/2026/02 Februar/2026-02-14.md": {
    "iconName": "CgKalenderWochentagSamstag",
    "iconColor": "var(--color-yellow)"
  },
  "Familie/Urlaub/Orte/Frankreich/Sehenswürdigkeiten/La Maison des Vautours.md": {
    "iconName": "LiLandmark",
    "iconColor": "var(--color-red)"
  },
  "Xtra/Vorlagen/Maps/Museum.md": {
    "iconName": "LiLandmark",
    "iconColor": "var(--color-red)"
  },
  "Familie/Urlaub/Orte/Frankreich/Wanderungen/Auf dem Tarnuferweg von La Malène nach Hauterives.md": {
    "iconName": "CgWandern",
    "iconColor": "var(--color-green)"
  },
  "Xtra/Vorlagen/Maps/Wanderung.md": {
    "iconName": "CgWandern",
    "iconColor": "var(--color-green)"
  },
  "Familie/Urlaub/Orte/Frankreich/Wanderungen/Arcs de Saint-Pierre.md": {
    "iconName": "CgWandern",
    "iconColor": "var(--color-green)"
  },
  "Familie/Urlaub/Orte/Frankreich/Wanderungen/Der Uferweg von Sauze.md": {
    "iconName": "CgWandern",
    "iconColor": "var(--color-green)"
  },
  "Familie/Urlaub/Orte/Frankreich/Wanderungen/Die Cité de Pierres im Chaos de Montpellier-le-Vieux.md": {
    "iconName": "CgWandern",
    "iconColor": "var(--color-green)"
  },
  "Familie/Urlaub/Orte/Frankreich/Wanderungen/Abstieg zum Badestrand - Wanderrunde auf dem Sentier des Grottes.md": {
    "iconName": "CgWandern",
    "iconColor": "var(--color-green)"
  },
  "Familie/Urlaub/Orte/Frankreich/Wanderungen/Cirque de Gaud - Abstieg ins Herz der Ardèche-Schlucht.md": {
    "iconName": "CgWandern",
    "iconColor": "var(--color-green)"
  },
  "Journal/2026/02 Februar/2026-02-20.md": {
    "iconName": "CgKalenderWochentagFreitag",
    "iconColor": "var(--color-yellow)"
  },
  "Journal/2026/02 Februar/2026-02-15.md": {
    "iconName": "CgKalenderWochentagSonntag",
    "iconColor": "var(--color-yellow)"
  },
  "Journal/2026/02 Februar/2026-02-16.md": {
    "iconName": "CgKalenderWochentagMontag",
    "iconColor": "var(--color-yellow)"
  },
  "Journal/2026/02 Februar/2026-02-17.md": {
    "iconName": "CgKalenderWochentagDienstag",
    "iconColor": "var(--color-yellow)"
  },
  "Journal/2026/02 Februar/2026-02-18.md": {
    "iconName": "CgKalenderWochentagMittwoch",
    "iconColor": "var(--color-yellow)"
  },
  "Journal/2026/02 Februar/2026-02-19.md": {
    "iconName": "CgKalenderWochentagDonnerstag",
    "iconColor": "var(--color-yellow)"
  },
  "Familie/Urlaub/Orte/Frankreich/Campingplätze/Camping Alsace Les Castors.md": {
    "iconName": "LiTent",
    "iconColor": "var(--color-green)"
  }
}